Name	other-index	State	Former post	appointment-date	appointment-post	appointment-conditions	change-1	post-1	date-1	change-2	post-2	date-2	change-3	post-3	date-3	change-4	post-4	date-4	change-5	post-5	date-5	change-6	post-6	date-6	change-7	post-7	date-7	change-8	post-8	date-8	end-service	end-service-date	death-date	death-place	Decoration
Comte Louis Marogna		Germany	Président de Chambre au Tribunal de Mulhouse (Alsace)	1875-06-24	Conseiller, Cour d'appel																										démissionnaire pour raisons de santé	1894-04-01			Ordre du Medjidieh de 1re classe
Charles Gescher		Germany	Juge de Cour en Lorraine	1894-05-07	Conseiller, Cour d'appel																										considéré démissionnaire, par suite de l'état de guerre, le 31 Janvier 1915, à l'expiration de son contrat d'engagement	1915-01-31			Grand Cordon de l'Ordre du Nil.
Dr Aloyse Lapenna		Austria-Hungary	Conseiller aulique de la Cour Suprême de Justice de Vienne	1875-06-24	Conseiller, Cour d'appel																										démissionnaire pour reprendre service dans son pays,	1881-01-31			Ordre du Medjidieh de 1re classe
Victor Barringer		United States	jurisconsulte Washington, Attorney General de la Caroline du Nord	1875-06-24	Conseiller, Cour d'appel																										démissionnaire	1894-01-31			Ordre de l'Osmanieh de 3me classe
Jasper Yeates Brinton		United States	Conseiller Légiste du U. S. Shipping Board, ancien Substitut du Procureur Général des Etats-Unis, Pensylvania	1921-10-31	Conseiller, Cour d'appel																										actuellement en fonctions				
Horace Aristide Letourneux		France	Conseiller à la Cour d'Appel d'Alger.	1876-02-08	Conseiller, Cour d'appel																										démissionnaire	1881-01-31			
Némorin Viollaud		France	Conseiller à la Cour d'Appel d'Orléans	1881-02-02	Conseiller, Cour d'appel	(en remplacement de M. Letourneux)																									démissionnaire	1881-06-25			
Francis Guillaume Marie Laloe		France	Vice-Président du Tribunal Mixte du Caire	1912-10-16	Conseiller, Cour d'appel																										atteint par la limite d'âge	1922-10-31			Grand Cordon de l'Ordre du Nil.
John Scott		Great Britain	avocat à Alexandrie	1875-06-24	Conseiller, Cour d'appel																										démissionnaire	1882-09-01			
Ralph Bertie Peter Cator		Great Britain	Président de la Cour Suprême de S.M. Britannique pour l'Egypte et de la Cour des Prises Britanniques en Egypte	1916-11-07	Conseiller, Cour d'appel																										actuellement en fonctions				
Alex. Cockburn McBarnet		Great Britain	Conseiller à la Cour d'Appel Indigène	1920-12-16	Conseiller, Cour d'appel	(au poste laissé vacant par la retraite de M. russe)																									actuellement en fonctions				
Michel Kebedgy		Greece	Professeur à l'Université de Berne (Suisse)	1907-12-19	Conseiller, Cour d'appel																										démissionnaire	1912-01-05			
Nicolas Cambas		Greece	Batonnier de l'Ordre des Avocats près les Juridictions Mixtes	1912-01-31	Conseiller, Cour d'appel		élu	Vice-Président de la Cour d'Appel Mixte	1922-11-06	nommé?	Président	1924-10-27																			actuellement en fonctions				
Giovanni Giaccone		Italy	Conseiller de Cour d'Appel en Italie	1875-06-24	Conseiller, Cour d'appel																										démissionnaire	1894-10-31	1905-05-29	Florence	Ordre du Medjidieh de 1re classe
Alexis Koumani		Russia	Conseiller d'Etat de S.M. l'Empereur de toutes les Russies	1875-06-24	Conseiller, Cour d'appel																										démissionnaire	1875-07-11			
Mohamed Cadry Pacha	31	Egypt	Chef du Bureau de Traduction au Ministère des Affaires Etrangères, charge de la codification du Statut Personnel, Rite Hanafite	1875-06-24	Conseiller, Cour d'appel		named	Ministre de la Justice	1881-09-14		Vice-Président de la Commission chargée de la réorganisation des Tribunaux Indigènes		renamed	Conseiller, Cour d'appel	1882-10-11	named	Ministre de l'Instruction Publique	1883-05-24																	Mirmiran (Pacha)
Abdallah El Said Bey		Egypt	President du Tribunal de Commerce d'Alezandrie	1875-06-24	Conseiller, Cour d'appel																												1876-01-22	Alezandrie,	
Aly Riza Bey		Egypt	President du Tribunal de Commerce du Caire	1875-06-24	Conseiller, Cour d'appel																												1882-09-08	Alexandrie,	
Hadjadour Bey		Egypt	President du Tribunal de Commerce du Caire	1875-09-24	Conseiller, Cour d'appel																												1876-07-01		
Ahmed Rasseiki Bey		Egypt	Directeur du «Journal Officiel El Wakawiec	1876-02-16	Conseiller, Cour d'appel																												1885-08-12		
Wacyf Azmy Pacha		Egypt	Président honoraire du Tribunal Mixte du Caire	1883-05-29	Conseiller, Cour d'appel																												1898-11-23	Alexandrie.	
Animed Hamdi		Egypt	Juge au Tribunal Mixte du Caire	1886-02-09	Conseiller, Cour d'appel																										admis à faire valoir ses droits à la retraite	1889-10-23			
Aly Fakhry Bey		Egypt	Chef de Parquet près les Tribunaux Indigènes de la Basse-Egypte. Inspecteur au contrôle des Tribunaux Indigenes	1893-04-04	Conseiller, Cour d'appel																												1906-06-10	Alexandrie.	
Youssouf Wahba Bey		Egypt	Directeur des Services Indigènes au Ministère de la Justice	1895-12-12	Conseiller, Cour d'appel	(au nouveau siège créé à cette date)	named	Ministre des Affaires Etrangères	1912-04-15																										
Osman Mortada Bey		Egypt	Directeur des Services Indigènes et du Bureau de Traduction au Ministère de la Justice	1906-11-05	Conseiller, Cour d'appel		named	Directeur Général de la Daïra Khassa de S.A. le Khedive	1913-01-17																										
Abdelrahman Rida Bey		Egypt	Sous-Directeur Général de l'Administration des Wakfs	1911-12-09	Conseiller, Cour d'appel		named	Conseiller à la Cour d'Appel Indigène	1913-10-20																										(Pacha).
Hussein Darwiche Bey		Egypt	Directeur du Service des Mehkémés au Ministere de la Justice	1914-04-27	Conseiller, Cour d'appel		named	Conseiller à la Cour d'Appel Indigène	1915-05-04																										(Pacha).
Abdel Fattah Yehia Bey		Egypt	Substitut au Contentieux du Ministère de l'Intérieur	1914-04-27	Conseiller, Cour d'appel		named	Sous-Secrétaire d'Etat au Ministère de l'Intérieur	1919-06-19																										(Pacha).
Mohamed Ibrahim Bey		Egypt	Président du Tribunal Indigène d'Alexandrie	1915-05-04	Conseiller, Cour d'appel		named	Conseiller à la Cour d'Appel Indigène	1919-06-19																										(Pacha).
Abdel Aziz Kahil Pacha		Egypt	Conseiller à la Cour d'Appel Indigène	1920-12-15	Conseiller, Cour d'appel																										actuellement en fonctions				
Mohamed Bahi El Dine Barakat Bey		Egypt	Sous-Secrétaire d'Etat au Ministère de la Justice	1925-01-15	Conseiller, Cour d'appel																										actuellement en fonctions				
François Hagens		Germany	Conseiller au Tribunal Royal de Berlin,	1875-06-24	Judge, Court of First Instance, Cairo																										démissionnaire	1882-10-15			
Gustave Zum Sande		Germany	membre d'un Tribunal Supérieur, Province de Hanovre,	1881-04-10	Judge, Court of First Instance, Alexandria																												1883-11-18		
Gustave Hohe		Germany	Conseiller au Tribunal de première instance de Metz,	1883-02-11	Judge, Court of First Instance, Cairo																										démissionnaire	1897-08-01			
Dr Frédéric Herzbruch		Germany	Juge de deuxième instance (Landrichter) de Berlin,	1884-01-22	Judge, Court of First Instance, Alexandria		transfer	Caire	1885-01-31																						considéré démissionnaire, par suite de l'état de guerre, le 31 Janvier 1915, à l'expiration de son contrat d'engagement	1915-01-31			
Othon de Bulow		Germany	attaché à la Légation de Prusse près le St. Siège à Rome, assesseur au service civil de la magistrature allemande,	1897-11-08	Judge, Court of First Instance, Cairo		transfer	Alexandrie	1904-05-18																						considéré démissionnaire, par suite de l'état de guerre, le 31 Janvier 1915, à l'expiration de son contrat d'engagement	1915-01-31			
Alfred Bargehr	4	Austria-Hungary	Secrétaire de Légation de S.M. I. et R. à Constantinople,	1875-06-24	Judge, Court of First Instance, Alexandria		promu (Décret du 24 Janvier 1881)	Conseiller à la Cour d'Appel Mixte	1881-02-01																						démissionnaire pour raisons de santé	1886-02-20			Ordre du Medjidieh de 3me classe
Jules Gunner		Austria-Hungary	Consul-Juge d'Autriche-Hongrie à Alexandrie,	1881-03-07	Judge, Court of First Instance, Alexandria																												1888-06-30	Teplitz (Bohème).	
Ladislas de Grubiczy de Dragon		Austria-Hungary	Notaire Royal,	1884-10-15	Judge, Court of First Instance, Cairo																										démissionnaire pour cause de maladie,	1900-05-06			
Comte Hugues de Loghothetti		Austria-Hungary	Secrétaire d'Ambassade à Constantinople,	1889-02-02	Judge, Court of First Instance, Alexandria																										démissionnaire	1897-04-03			Ordre du Medjidieh de 2me classe
Chevalier Charles de Goracuchi		Austria-Hungary	Consul Général à Bucarest,	1897-05-04	Judge, Court of First Instance, Alexandria		transfer	Caire	1897-06-24																						démissionnaire	1909-10-15			
Adalbert Bela de Zoltan	5	Austria-Hungary	Juge au Tribunal de Commerce et de Change à Budapest,	1900-09-27	Judge, Court of First Instance, Alexandria			Président du Tribunal Mixte d'Alexandrie		promu	Conseiller à la Cour d'Appel Mixte	1912-10-16																			considéré démissionnaire, par suite de l'état de guerre, le 31 Janvier 1915, à l'expiration de son contrat d'engagement	1915-01-31			
Dr Stanislas Emil Junkar		Austria-Hungary	Consul, attaché ou Contentieux du Ministère des Affaires Etrangeres a Vienne,	1909-11-25	Judge, Court of First Instance, Cairo		transfer	Alexandrie	1912-10-28																						considéré démissionnaire, par suite de l'état de guerre, le 31 Janvier 1915, à l'expiration de son contrat d'engagement	1915-01-31			
Dr Charles de Klusinszky		Austria-Hungary	Secrétaire au Ministère de la Justice à Budapeal,	1912-10-28	Judge, Court of First Instance, Cairo																										démissionnaire pour raisons de santé	1914-06-01			
Adolphe de Vos	304	Belgium	Procureur du Roi près la Cour d'Assises et le Tribunal de Bruges,	1875-02-08	Judge, Court of First Instance, Cairo		named	Procureur Général près les Juridictions Mixtes	1875-05-13																						résiliation de son contrat	1879-01-31			
Guillaume Edward Emile Marie de Brouwer	280	Belgium	Substitut du Procureur du Roi au Tribunal de Bruxelles,	1875-06-24	Judge, Court of First Instance, Ismaïlieh		transfer	Alexandrie	1876-12-16	rappelé au service de son Gouvernement		1883-03-01	named	Procureurs General	1889-02-02																		1892-04-30		
Camille Janssen		Belgium	Consul et Chancelier de Légation à Constantinople,	1875-06-24	Judge, Court of First Instance, Alexandria																										démissionnaire pour raisons de santé	1878-10-18			
Emile Vercamer	4	Belgium	Consul-Chancelier à Constantinople,	1879-02-06	Judge, Court of First Instance, Mansourah		transfer	Caire	1881-12-10	promu	Conseiller à la Cour d'Appel Mixte	1895-12-12																			démissionnaire	1912-01-31			
Joseph Timmermans	274	Belgium	Substitut du Procureur du Roi au Tribunal de Bruxelles,	1883-04-04	Judge, Court of First Instance, Alexandria		named	Procureur Général près les Juridictions Mixtes	1892-06-07	démissionnaire, pour reprendre son siège de 	Juge au Tribunal Mixte d'Alexandrie.	1894-02-10																					1897-02-10	Alexandrie.	Ordre de l'Osmanieh de 3me classe
Eminent Eeman		Belgium	avocat au Caire,	1885-04-16	Judge, Court of First Instance, Alexandria		transfer	Mansourah	1887-11-17	transféré	Alexandrie	1892-07-10	délégué provisoirement	Caire	1898-12	named	Procureur Général près les Juridictions Mixtes	1910-02-01																	
Achille Albert Eeman		Belgium	Juge suppléant à Gand (2me Canton), ancien Balonnier de l'ordre des avocats près la Cour d'Appel de Gand,	1897-11-08	Judge, Court of First Instance, Mansourah		transfer	Caire (Décret du 29 Avril 1907)	1907-10-15	named	Procureur Général près les Juridictions Mixtes	1912-01-31																							
Firmin van den Bosch	298	Belgium	Avocat Général à la Cour d'Appel de Gand,	1910-10-15	Judge, Court of First Instance, Mansourah		transfer	Caire	1916-02-29	named	Procureur Général près les Juridictions Mixtes	1920-04-07																			actuellement en fonctions				
Constant van Ackere	6	Belgium	Président du Tribunal d'Audenarde en Belgique,	1912-04-26	Judge, Court of First Instance, Mansourah		transfer	Alexandrie	1916-03-28	promu (Décret du 2 Juin 1924)	Conseiller à la Cour d'Appel Mixte	1924-11-01																			actuellement en fonctions				
Baron Adrien Forgeur		Belgium	Juge au Tribunal Indigène du Caire	1921-03-30	Judge, Court of First Instance, Mansourah		transfer	Alexandrie	1922-12-11																								1924-03-02	Alexandrie.	
Maurice de Wee		Belgium	1er Substitut au Tribunal de première instance de Bruxelles,	1924-04-22	Judge, Court of First Instance, Mansourah		élu	Vice-Président du Tribunal Mixte de Mansourah	1925-11-13																						actuellement en fonctions				
Julien Sheridan		Belgium	avocat à Alexandrie	1924-11-10	Judge, Court of First Instance, Mansourah																												1926-01-21	Alexandrie.	
Jurejean Itolten		Denmark	Secrétaire au Ministère des Affaires Etrangères	1876-04-15	Judge, Court of First Instance, Ismaïlieh		transfer	Caire	1878-01-27	transféré	Mansourah	1878-06-12	transféré	Alexandrie	1882-01-03																rappelé au service de son Gouvernement	1883-07-01			
Carl Johannes Ussing		Denmark	Attaché au Ministère de la Justice	1883-09-16	Judge, Court of First Instance, Alexandria		transfer	Mansourah	1887-11-01	rappelé	Alexandrie	1891-11-01	transféré	Caire	1891-11-28	transféré provisoirement	Mansourah	1894-12-13															1896-05-07	Caire	
Karl Valdemar Kraft		Denmark	Conseiller Extraordinaire à la Cour Supérieure de Danemark,	1896-01-02	Judge, Court of First Instance, Mansourah		transfer	Caire	1901-06-10																						atteint par la limite d'âge	1920-11-01			Grand Officier de l'Ordre du Nil.
Diderik-Galtrup-Gjedde Nyholm		Denmark	Conseiller d'Etat à Copenhague,	1896-10-22	Judge, Court of First Instance, Mansourah		transfer	Caire	1901-11-25																						a cessé ses fonctions le 31 Décembre 1921 à la suite de sa nomination comme Membre de la Cour Permanente de Justice Internationale à La Haye.				
Niels Vilheilm Boeg		Denmark	Juge au Tribunal de première instance de Copenhague,	1921-10-17	Judge, Court of First Instance, Mansourah		délégué	Caire	1921-10-20	rappelé	Mansourah	1922-02-08	transféré	Caire	1924-12-28																actuellement en fonctions				
Hangs Gram Bechmann		Denmark	Juge au Tribunal de première instance de Copenhague,	1922-10-05	Judge, Court of First Instance, Mansourah		délégué	Alexandrie	1922-10-20	rappelé	Mansourah	1922-11-06	élu	Président du Tribunal Mixte de Mansourah	1925-11-13																actuellement en fonctions				
Emilio Olloqui		Spain	jurisconsulte, ancien Préfet de la Province de Caceres,	1880-04-04	Judge, Court of First Instance, Mansourah		transfer	Alexandrie	1882-01-03																								1893-08-03	Ramleh.	
Frédéric Rauret y Sugastres		Spain	Substitut du Procureur du Roi au Conseil Suprême de Guerre et de la Marine,	1892-09-16	Judge, Court of First Instance, Mansourah		transfer	Alexandrie	1897-03-27																						démissionnaire pour raisons de santé	1904-10-31			
Don Carlos Morejon de Ortega		Spain	Agent Politique et Consul Général d'Espagne en Egypte, Doyen du Corps Diplomatique,	1893-10-18	Judge, Court of First Instance, Mansourah																												1894-08-30	France.	
Antonio Vazquez y Lopez Amor		Spain	Conseiller à la Cour d'Appel de Madrid,	1894-11-10	Judge, Court of First Instance, Mansourah		transfer	Caire	1899-01-05																								1908-02-04	Caire.	
Luis Comulada		Spain	avocat à Barcelone,	1905-03-23	Judge, Court of First Instance, Mansourah		transfer	Caire	1908-05-18																						démissionnaire	1911-07-01			
Don Enrique Garcia de Herreros	7	Spain	avocat à Madrid,	1908-04-18	Judge, Court of First Instance, Mansourah		transfer	Alexandrie	1913-09-30	promu (en remplacement de M. Pereira e Cunha, portugais, démissionnaire)	Conseiller à la Cour d'Appel Mixte	1925-02-01																			actuellement en fonctions				
Julio Fournier Cuadros		Spain	avocat à Barcelone,	1911-11-06	Judge, Court of First Instance, Mansourah																										démissionnaire	1915-10-15			
Don Alfonso Aguirre y Carrer Comte de Andino		Spain	Juge au Tribunal Mixte des Nouvelles Hébrides,	1916-01-25	Judge, Court of First Instance, Mansourah		transfer	Alexandrie	1918-11-30	élu	Vice-Président du Tribunal Mixte d'Alexandrie	1924-11-07																			actuellement en fonctions				
José Fesser y Reina		Spain	Chef d'Administration au Ministère de la Justice d'Espagne,	1925-05-03	Judge, Court of First Instance, Mansourah																										actuellement en fonctions				
George Sherman Batcheller	9, 112	United States	avocat à New-York, ancien Membre du Corps Législatif et du Comité Judiciaire de l'Etat de New-York,	1875-11-10	Judge, Court of First Instance, Cairo		démissionnaire		1885-11-30		Ministre des Etats-Unis à Lisbonne,		named	Judge, Court of First Instance, Cairo	1897-12-12	promu	Conseiller à la Cour d'Appel Mixte	1902-10-27															1908-07-02		Ordre du Medjidieh de 2e classe (en 1884).
Philip Hicky Morgan		United States	Juge à la Cour Suprême de l'Etat de Louisiane,	1877-07-02	Judge, Court of First Instance, Alexandria																										démissionnaire	1880-06-28			
Elbert E. Farman		United States	Agent et Consul Général des Etats-Unis d'Amérique en Egypte,	1881-10-20	Judge, Court of First Instance, Alexandria																										démissionnaire	1884-10-15			
J. B. Kinsman		United States	avocat gradué du Collège de Haward,	1885-05-05	Judge, Court of First Instance, Alexandria																										à l'expiration de la période quinquennale qui a pris fin le 31 Janvier 1889, son contrat n'a pas été renouvelé.				
Anthony M. Keiley	11	United States	Jurisconsulte,	1886-06-22	Judge, Court of First Instance, Cairo		promu	Conseiller à la Cour d'Appel Mixte	1894-02-22																						démissionnaire	1902-06-30			Ordre du Medjidieh de 2me classe
Ernest H. Crosby		United States		1888-10-09	Judge, Court of First Instance, Alexandria																										démissionnaire	1894-01-31			Ordre du Medjidieh de 3me classe
Walker Fearn		United States	Ministre des Etats-Unis en Europe,	1894-05-07	Judge, Court of First Instance, Cairo																										démissionnaire pour raisons de santé	1897-10-31			
Somerville Pinckney Tuck	5	United States	avocat à New York,	1894-05-16	Judge, Court of First Instance, Mansourah		transfer	Caire	1897-12-02	délégué	du Gouvernement de S.A. le Khedive au Congrès Universel des Avocats et Juristes à l'Exposition Universelle de St. Louis	1904-09-28	promu	Conseiller à la Cour d'Appel Mixte	1908-11-09																atteint par la limite d'âge	1920-10-31			Grand Officier de l'Ordre du Nil.
William Grant van Horne		United States	avocat à la Cour Suprême de l'Utah,	1902-10-27	Judge, Court of First Instance, Alexandria																										démissionnaire pour raisons de santé	1924-11-01			Commandeur de l'Ordre du Nil
Walter van Rensselaer Berry		United States	avocat à Washington,	1908-11-30	Judge, Court of First Instance, Cairo																										démissionnaire	1910-10-15			
Pierre Crabites		United States	avocat à New-Orléans,	1911-06-08	Judge, Court of First Instance, Cairo																										actuellement en fonctions				
Robert Llewllyn Henry Junior		United States	Professeur de Droit à Washington	1924-11-10	Judge, Court of First Instance, Alexandria																										actuellement en fonctions				
Jules Firmin Gabriel Herbout		France	Président du Tribunal d'Argentan (Orne),	1876-04-27	Judge, Court of First Instance, Cairo																										rappelé au service de son Gouvernement	1883-09-27			
Maurice Jean Joseph Bellet	8	France	Avocat Général près la Cour d'Appel de Toulouse,	1877-06-02	Judge, Court of First Instance, Alexandria		promu	Conseiller suppléant à la Cour d'Appel Mixte	1879-06-15	named	Conseiller titulaire	1884-05-19																			démissionnaire	1902-11-01			Ordre du Medjidieh de 1re classe
Georges Martin-Sarzeaud	10	France	Juge au Tribunal de la Seine	1883-10-03	Judge, Court of First Instance, Cairo		promu	Conseiller à la Cour d'Appel Mixte	1884-06-27																						démissionnaire	1887-07-30			
Casimir Prunieres	17	France	avocat à la Cour d'Appel de Paris,	1884-10-04	Judge, Court of First Instance, Cairo		promu	Conseiller à la Cour d'Appel Mixte	1906-11-29																						démissionnaire	1912-10-15			
Filatre de Longchamps		France	Procureur de la République à Boulogne-sur-Mer (Pas-de-Calais),	1884-10-29	Judge, Court of First Instance, Alexandria																										démissionnaire	1902-01-14			Ordre de l'Osmanieh de 3me classe
Frédéric Ruhland		France	Conseiller à la Cour d'Appel de Paris,	1902-01-17	Judge, Court of First Instance, Alexandria																												1905-09-20	Ribeauvillé (Alsace).	
Marius Joseph Paulin Suzanne		France	Président du Tribunal de Toulon,	1906-03-10	Judge, Court of First Instance, Alexandria																										démissionnaire	1917-01-31			
Bourgueil.		France	Juge au Tribunal de la Seine	1907-03-08	Judge, Court of First Instance, Cairo																										démissionnaire	1907-03-18			
Francis Laloe		France	Président de Chambre à la Cour d'Alger,	1907-05-02	Judge, Court of First Instance, Cairo		promu	Conseiller à la Cour d'Appel Mixte	1912-10-16																										
Frédéric Giraud		France	Juge d'Instruction au Tribunal de la Seine,	1912-10-16	Judge, Court of First Instance, Cairo																										atteint par la limite d'âge	1925-10-31			Commandeur de l'Ordre d'Ismail.
Pierre Arminjon		France	Professeur à la Faculté de droit au Caire,	1917-03-06	Judge, Court of First Instance, Alexandria		transfer	Caire	1920-12-15																						démissionnaire	1925-07-31			Commandeur de l'Ordre du Nil
Bernard Favenc	22	France	avocat au Caire,	1915-04-13	Judge, Court of First Instance, Alexandria		promu	Conseiller à la Cour d'Appel Mixte	1922-11-15																						actuellement en fonctions				
Paul Joseph Randet		France	Président de Chambre à la Cour de Rabat,	1922-12-11	Judge, Court of First Instance, Alexandria																										actuellement en fonctions				
Ambroise Alphonse Alfred Guerin		France	Vice-Président du Tribunal de la Seine.	1925-09-20	Judge, Court of First Instance, Cairo																										n'a pas pris possession de son poste, y ayant renoncé.				
Charles Oger Du Rocher		France	Procureur de la République à St. Omer,	1925-11-14	Judge, Court of First Instance, Cairo																										actuellement en fonctions				
Leon Pierre Joseph Bassard		France	Substitut au Tribunal de la Seine,	1925-11-14	Judge, Court of First Instance, Cairo																										actuellement en fonctions				
Herbert A. Hills	12	Great Britain	avocat gradué à l'Université d'Oxford,	1875-11-10	Judge, Court of First Instance, Alexandria		promu	Conseiller à la Cour d'Appel Mixte	1882-10-30																						démissionnaire	1904-02-01			Ordre du Medjidieh de 2me classe
John E. Wallis		Great Britain	Consul de S.M. Britannique à Port-Said,	1882-10-30	Judge, Court of First Instance, Alexandria																												1888-01-18		
Lionel Sandars	13	Great Britain	Docteur en droit,	1888-03-01	Judge, Court of First Instance, Alexandria		promu	Conseiller à la Cour d'Appel Mixte	1904-02-01																								1916-03-09		
William John Archer		Great Britain	Consul au Siam,	1904-02-01	Judge, Court of First Instance, Alexandria	(Décret du 23 Janvier 1904)																									démissionnaire	1906-11-01			Ordre de l'Osmanieh de 3me classe
Edward William Cohglan		Great Britain	Conseiller à la Cour d'Appel Indigène	1905-03-23	Judge, Court of First Instance, Cairo																												1909-02-17		
Fedor Andrew Satow		Great Britain	Conseiller à la Cour d'Appel Indigène	1906-11-05	Judge, Court of First Instance, Alexandria																												1909-10-23		Ordre de l'Osmanieh de 3me classe
Herbert Welch Halton	14	Great Britain	Conseiller à la Cour d'Appel Indigène	1909-03-10	Judge, Court of First Instance, Cairo			Président du Tribunal Mixte du Caire		promu	Conseiller à la Cour d'Appel Mixte	1916-03-15	named	Vice-Président de la Cour d'Appel Indigène	1916-10-24																				Ordre du Medjidieh de 2me classe
Richard Augustus Vaux	16	Great Britain	Juge au Tribunal Indigène de Zagazig	1909-11-30	Judge, Court of First Instance, Alexandria		promu (au poste laissé vacant par la retraite de M. le Président Larcher, portugais)	Conseiller à la Cour d'Appel Mixte	1920-12-15																						actuellement en fonctions				
Edward Bateson		Great Britain	Substitut au Contentieux de l'Etat,	1915-04-13	Judge, Court of First Instance, Alexandria		transfer	Caire	1916-10-18																						démissionnaire	1924-10-15			
W H Hill		Great Britain	Inspecteur en Chef des Tribunaux Indigènes au Ministère de la Justice,	1915-04-13	Judge, Court of First Instance, Cairo		named	Conseiller à la Cour d'Appel Indigène	1917-12-31																										
William Hobart Houghton Thorne		Great Britain	Président du Tribunal de district de Larnaca (Chypre),	1916-10-18	Judge, Court of First Instance, Alexandria																										démissionnaire le 4 Mars 1917, Nommé à nouveau à Alexandrie le 1er Février 1919, actuellement en fonctions				
Gerald Hatton Carey		Great Britain	Juge au Tribunal Indigène de première instance du Caire	1917-03-20	Judge, Court of First Instance, Alexandria																										démissionnaire	1919-02-01			
Georges Arthur Warrington Booth		Great Britain	avocat à la Cour d'Appel Mixte,	1918-01-12	Judge, Court of First Instance, Cairo																										actuellement en fonctions				
James Harry Scott		Great Britain	Juge au Tribunal Indigène d'Assiout,	1921-01-08	Judge, Court of First Instance, Mansourah		transfer	Caire	1922-06-15																								1925-03-09		
Hugues Holmes		Great Britain	avocat à la Cour de Dublin,	1924-11-10	Judge, Court of First Instance, Cairo																										actuellement en fonctions				
Arthur Sansone Preston		Great Britain	Avocat à la Cour d'Appel Mixte et Crown Prosecutor du Gouvernement de S.M. Britannique en Egypte,	1925-05-19	Judge, Court of First Instance, Cairo																										actuellement en fonctions				
Nicolas Sacopoulos		Greece	Consul au Caire,	1875-06-24	Judge, Court of First Instance, Cairo																												1877-03-30	Caire.	
Emmanuel Antoniadis	26	Greece	Membre de la Cour d'Appel d'Athènes,	1875-06-24	Judge, Court of First Instance, Alexandria		promu	Conseiller suppléant à la Cour d'Appel Mixte	1879-06-15	promu	Conseiller titulaire	1884-05-19																			démissionnaire	1900-11-01			Ordre du Medjidieh de 2me classe; Ordre de l'Osmanieh de 2me classe.
Nicolas Diomedes		Greece	Professeur de Procédure Civile à l'Université Nationale d'Athènes et Conseiller Assesseur à la Cour d'Appel de cette même ville,	1877-07-15	Judge, Court of First Instance, Alexandria	provisoirement, et définitivement le 12 Novembre 1877																											1903-10-29	Athènes	Ordre du Medjidieh de 2me classe (Commission des indemnités du Soudan, 26 Avril 1892).
Denis Stephanos		Greece	Conseiller Légal au Ministère des Affaires Etrangeres et Conseiller à la Cour de Cassation,	1884-10-29	Judge, Court of First Instance, Alexandria																										Delegue de la Grèce à la Commission Internationale des indemnités, n'a pas pris possession de son poste.				
André Pangalos	31	Greece	Membre de la Cour de Cassation et Conseiller Legal au Gouvernement,	1885-02-17	Judge, Court of First Instance, Alexandria		promu	Conseiller à la Cour d'Appel Mixte	1906-12-16																						démissionnaire (lettre du 14 Mai),	1907-10-31	1907-08-08	Athènes	
Sotirios Bouphidis		Greece	avocat à la Cour d'Appel Mixte, ancien Batonnier,	1904-05-18	Judge, Court of First Instance, Mansourah																												1905-08-03	Royat (France).	
Anastase N. Stoupis		Greece	Conseiller à la Cour de Cassation d'Athènes,	1906-03-27	Judge, Court of First Instance, Mansourah		transfer	Caire	1911-11-11																						atteint par la limite d'âge	1920-11-01			Commandeur de l'Ordre du Nil
Demetriades		Greece	Président du Tribunal de La Canée (Candie),	1907-12-19	Judge, Court of First Instance, Alexandria																												1916-01-31	Alexandrie.	
Constantin Vryakos		Greece	Avocat Général à la Cour d'Appel d'Athènes,	1916-03-28	Judge, Court of First Instance, Mansourah		transfer	Caire	1920-12-15																						actuellement en fonctions				
Stavros Ange Vlachos		Greece	avocat à la Cour d'Appel Mixte,	1921-05-30	Judge, Court of First Instance, Mansourah		délégué	Caire	1921-06-04	transféré	Alexandrie	1921-11-01	rappelé	Mansourah	1923-10-16	transféré 	Alexandrie	1921-12-11													actuellement en fonctions				
Giuseppe Moriondo	22	Italy	Consul-Juge de S.M. le Roi d'Italie à Constantinople.	1875-06-24	Judge, Court of First Instance, Alexandria		named	Conseiller Khédivial - Membre Comité du Contentieux de l'Etat -	1890-12-10	named	Conseiller, Cour d'appel	1894-10-31																					1911-12-12	Alexandrie.	
Vincenzo Comte Della Chiesa Di Cervignasco		Italy	Conseiller de Cour d'Appel en Italie et Consul-Juge à Constantinople,	1891-02-17	Judge, Court of First Instance, Alexandria																												1900-04-01	Alexandrie.	
Pellegrino Prampolini		Italy	Substitut du Procureur Général à la Cour de Cassation de Florence,	1894-12-01	Judge, Court of First Instance, Cairo																										démissionnaire	1907-10-30			Ordre de l'Osmanieh de 3me classe
Eugenio Forni		Italy	Procureur Général pres la Cour d'Appel de Rome,	1900-06-27	Judge, Court of First Instance, Alexandria																										considéré comme démissionnaire par suite d'infirmités graves,	1902-12-31			
Giovanni Paulucci de Calboli		Italy	Procureur du Roi à Rome,	1903-12-28	Judge, Court of First Instance, Alexandria																										démissionnaire	1920-01-31	1926-02	Naples	Commandeur de l'Ordre du Nil
Edoardo Piola-Caselli		Italy	Conseiller de Cour d'Appel en Italie	1908-05-18	Judge, Court of First Instance, Cairo		named	Conseiller Khédivial	1913-01-01																										
Giovanni Baviera	23	Italy	Conseiller de Cour d'Appel à Rome,	1913-05-18	Judge, Court of First Instance, Cairo		démissionnaire pour raisons de santé		1920-01-31		Conseiller à la Cour de Cassation de Rome		named	Conseiller à la Cour d'Appel Mixte	1922-03-06																actuellement en fonctions				Commandeur de l'Ordre du Nil
Vincenzo Falqui-Cao		Italy	Consul-Juge au Caire,	1916-03-28	Judge, Court of First Instance, Cairo																										actuellement en fonctions				
Salvatore Messina		Italy	Consul-Juge à Alexandrie,	1920-03-13	Judge, Court of First Instance, Alexandria																										actuellement en fonctions				
Franco Gautero		Italy	Consul-Juge au Caire,	1920-03-14	Judge, Court of First Instance, Cairo																										actuellement en fonctions				
Antonio Pennetta		Italy	Consul-Juge à Alexandrie,	1924-12-11	Judge, Court of First Instance, Mansourah																										actuellement en fonctions				
Halvard Nicolai Heggen		Norway	Attaché au Ministère de la Justice à Christiania	1903-01-17	Judge, Court of First Instance, Mansourah		transfer	Alexandrie	1906-11-29																						démissionnaire le 15 Octobre 1913, Nommé à nouveau le 15 Août 1922, à Mansourah, transféré au Caire le 14 Novembre 1925,		1926-01-19	Hélouan.	Ordre de l'Osmanieh de 3me classe
Michaël Hansson	21	Norway	avocat à Christiania,	1907-01-01	Judge, Court of First Instance, Mansourah	(Décrei du 24 Décembre 1906), 	transfer	Alexandrie	1913-10-08	promu (à l'un des postes laissés vacants par le départ des magistrats austro-allemands)	Conseiller à la Cour d'Appel Mixte	1915-04-13	élu	Vice-Président de la Cour d'Appel Mixte	1924-10-27																actuellement en fonctions				
Erling Qvale		Norway	Secrétaire au Ministère des Affaires Etrangères	1913-10-16	Judge, Court of First Instance, Mansourah	(Décret du 30 Septembre 1913), 	transfer	Alexandrie	1917-01-17	élu	Président du Tribunal Mixte d'Alexandrie	1925-02-20																			actuellement en fonctions				
Pierre van Bemmelen		Netherlands	Juge au Tribunal de Leyde,	1875-06-24	Judge, Court of First Instance, Ismaïlieh		transfer	Caire	1877-02-25																						démissionnaire	1880-03-31			
Johannes Hermanus de Stoppelaar		Netherlands	Président du Tribunal de première instance de Middelbourg,	1875-06-24	Judge, Court of First Instance, Cairo																										démissionnaire pour raisons de santé	1899-01-31			Ordre du Medjidieh de 2me classe
Jacques Adalbert Haakman		Netherlands	Substitut du Procureur du Roi à Harlim (Hollande Septentrionale),	1875-06-24	Judge, Court of First Instance, Alexandria																										destitué par décision de l'Assemblée Générale de la Cour d'Appel Mixte	1876-11-13			
Leopold Franz Williem Ernst van Binckhorst		Netherlands	Substitut de l'officier de Justice près le Tribunal d'Indhoven,	1877-07-26	Judge, Court of First Instance, Ismaïlieh		transfer	Alexandrie	1877-12-19	transféré	Mansourah	1878-06-12	transféré à nouveau	Alexandrie	1880-04-01	transféré 	Caire	1896-01-02	transféré, par permutation	à Alexandrie 	1897-06-24										démissionnaire pour raisons de santé	1901-02-01			Ordre de l'Osmanieh de 3me classe
Cornelis Bernardus Johannes Aloysius Wierdels		Netherlands	Président de la Cour de Justice à Soerabaja (Ile de Java),	1899-03-02	Judge, Court of First Instance, Mansourah		transfer	Caire	1904-05-18																								1920-06-11	Lausanne.	
Julius Cornélis Théodorus Heyligers		Netherlands	Président des Landraad» de Boudrowoso et Djember (Indes Néerlandaises),	1901-03-01	Judge, Court of First Instance, Mansourah		transfer	Caire	1904-05-23																								1920-01-25	Caire.	
Jonkheer Dr Hubert Williem van Asch van Wyck		Netherlands	Membre de la Cour de Justice de Surinam,	1921-04-30	Judge, Court of First Instance, Mansourah		délégué	Alexandrie	1921-05-06	rappelé	Mansourah	1921-11-01	transféré	Alexandrie	1923-06-19																actuellement en fonctions				
Adrian Theodor Louis Allard Heyligers		Netherlands	Directeur au Ministère des Affaires Etrangères à la Have,	1921-04-30	Judge, Court of First Instance, Mansourah		délégué	Caire	1921-05-06	rappelé	Mansourah	1921-11-01	transféré	Alexandrie	1924-05-01																actuellement en fonctions				
Antoine Paes de Sande E Castro		Portugal	Magistrat,	1889-02-02	Judge, Court of First Instance, Mansourah		transfer	Caire	1894-12-29																								1903-11-03		
Albert de Souza Larcher	38	Portugal	Conseiller à la Cour d'Appel de St. Paul de Loanda ( Guinée Portugaise),	1891-04-28	Judge, Court of First Instance, Mansourah	avec résidence fixe à Port-Saïd,	transfer	Alexandrie	1896-01-02	promu (en remplacement de M. Bellet,  français)	Conseiller à la Cour d'Appel Mixte	1902-12-04																			atteint par la limite d'âge	1920-10-31			Grand Cordon de l'Ordre du Nil.
Manoël Augusto Pereira e Cunha	22	Portugal	Membre de la Commission Legislative de la Chambre des Pairs du Royaume du Portugai,	1903-12-15	Judge, Court of First Instance, Mansourah		transfer	Alexandrie	1907-01-22	promu (à la suite du rétablissement au Budget du 10me poste de Conseiller étranger laissé vacant par le départ, en 1915, des magistrats austro allemands)	Conseiller à la Cour d'Appel Mixte	1921-11-30																			démissionnaire	1925-01-31			Grand Officier de l'Ordre du Nil.
Ovidio de Cergueira-Borges-Cabral d'Alpoim		Portugal	Procureur du Roi a Oporto,	1906-11-29	Judge, Court of First Instance, Mansourah		transfer	Alexandrie	1910-03-03																								1916-03-25	Alexandrie.	
Santos Manoël Joaquim Rodrigues Monteiro		Portugal	Juge au Tribunal Suprême Administratif, Président de la Chambre des Députés et ancien Ministre de la Justice,	1916-10-05	Judge, Court of First Instance, Mansourah		transfer	Alexandrie	1921-02-21																						actuellement en fonctions				
Dr Alvaro Da Costa Machado Villela		Portugal	Professeur de Droit International Privé à l'Université de Coïmbre,	1922-05-08	Judge, Court of First Instance, Mansourah		délégué	Alexandrie	1922-05-13	rappelé	Mansourah	1922-11-06	transféré	Alexandrie	1925-03-11																actuellement en fonctions				
Prince Alexandre Mourousi		Russia	Attaché à l'Ambassade Impériale de Russie à Constantinople,	1875-06-24	Judge, Court of First Instance, Alexandria		transfer	Caire	1877-05-24																						démissionnaire pour raisons de santé	1881-12-15			
Gennady de Spiegelberg		Russia	Attaché au Ministère de la Justice de Russie. Assesseur de Collège,	1879-01-08	Judge, Court of First Instance, Alexandria																										démissionnaire	1888-05-29			
Hippolyte Paschkow		Russia	Attaché au Ministère Impérial des Affaires Etrangères,	1882-03-06	Judge, Court of First Instance, Cairo																										démissionnaire	1884-01-30			
Jean Balas		Russia	Attaché au Ministère Impérial des Affaires Etrangères,	1884-04-01	Judge, Court of First Instance, Cairo																										démissionnaire pour raisons de santé	1892-12-31			
Salomon Martinow		Russia	Conseiller d'Etat, attaché au Sénat dirigeant de l'Empire de Russie,	1889-03-19	Judge, Court of First Instance, Alexandria		transfer	Caire	1893-05-10																								1908-09-10	Paris.	
Alexandre Sorokine		Russia	Consul Général à Trébizonde,	1893-08-28	Judge, Court of First Instance, Alexandria																										démissionnaire pour raisons de santé	1918-11-01	1923-08	Savoie.	
Georges Molostvoff		Russia	Substitut du Procureur près le Tribunal d'Arron dissement de Libava,	1910-08-17	Judge, Court of First Instance, Cairo																										actuellement en fonctions				
Paul Beneducci		Russia	avocat à la Cour d'Appel Mixte,	1918-11-09	Judge, Court of First Instance, Alexandria		transfer	Mansourah	1918-11-30	transféré	Alexandrie	1921-11-30																			actuellement en fonctions				
Carl Otto Montan		Sweden	Membre de la Cour d'Appel de Svea, Stockholm	1901-09-28	Judge, Court of First Instance, Mansourah		transfer	Alexandrie	1904-11-19																						démissionnaire	1913-10-15			
Axel Johan Patrick Adlercreutz		Sweden	Membre adjoint à la Cour de Stockholm,	1907-01-01	Judge, Court of First Instance, Mansourah	(Décrei du 24 Décembre 1906), 	transfer	Caire	1912-04-26																						démissionnaire	1917-02-01			
Erik Sjoborg		Sweden	Secrétaire Général au Ministère de l'Agriculture à Stockholm	1913-10-16	Judge, Court of First Instance, Mansourah																										démissionnaire	1918-10-15			
Baron Karl Johan Knut Henric de Nordenskjold		Sweden	Conseiller à la Cour d'Appel de Stockholm.	1917-11-06	Judge, Court of First Instance, Mansourah		transfer	Caire	1922-12-11																						démissionnaire, ayant été nommé Président des Tribunaux Arbitraux Helléno-Turc et Roumano-Turc.	1925-04-01			
Alfred Emile Frédéric Sandstroem		Sweden	Conseiller à la Cour d'Appel de Gota (Suède),	1918-11-30	Judge, Court of First Instance, Mansourah		transfer	Caire	1922-03-06																						actuellement en fonctions				
Pehr de Cederschiold		Sweden	Référendaire à la Cour Suprême de Suède	1925-09-13	Judge, Court of First Instance, Mansourah																										actuellement en fonctions				
Baron Magnus d'Armfeldt		Sweden (Sweden and Norway)	Procureur Général à la Cour Royale de Cassation,	1875-06-24	Judge, Court of First Instance, Alexandria																										demissionnaire, pour raisons de santé, le 15 Mars 1884, Nommé à nouveau le 5 Février 1887, à Alexandrie, démissionnaire pour raisons de santé	1892-12-31			Ordre de l'Osmanieh de 3me classe
Gregers Gram		Norway (Sweden and Norway)	Candidatus Juris,	1875-11-10	Judge, Court of First Instance, Ismaïlieh		transfer	Caire	1877-12-19	transféré	Alexandrie	1878-12-26																			démissionnaire	1882-06-01			Ordre de l'Osmanieh de 4me classe.
Jean Bernt Borchgrevink	275	Norway (Sweden and Norway)	Juge,	1882-06-05	Judge, Court of First Instance, Alexandria		named	Procureur Général près les Juridictions Mixtes	1894-02-10																								1910-01-10	Alexandrie	Ordre du Medjidieh de 2me classe en 1884.
Carl Petersen		Sweden (Sweden and Norway)	Chef de Bureau au Ministère de la Justice à Stockholm,	1884-02-12	Judge, Court of First Instance, Alexandria																												1886-10		
Otto Conrad Waldemar de Cedercrantz		Sweden (Sweden and Norway)	Conseiller à la Cour d'Appei de Svea (Suède),	1895-03-07	Judge, Court of First Instance, Mansourah		transfer	Caire	1899-06-23																						démissionnaire	1901-05-17			Ordre de l'Osmanieh de 3me classe
Baoul Houriet		Switzerland	Secrétaire français au Tribunal Fédéral de Lausanne,	1910-01-01	Judge, Court of First Instance	sans siège ni résidence fixes;  définitivement attache au Tribunal du Caire le 2 Mai 1916, 	élu	Président de ce Tribunal	1922-01-07																						actuellement en fonctions				
Ernest Ceresole		Switzerland	avocat à Berne,	1911-01-12	Judge, Court of First Instance, Mansourah																										démissionnaire	1912-09-01			
Francis J. Peter		Switzerland	Juge d'Instruction à Genève,	1912-10-01	Judge, Court of First Instance, Mansourah		transfer	Caire	1917-11-26	élu	Vice-Président de ce Tribunal	1920-11-13																			actuellement en fonctions				
Mohamed Chimy Bey	30	Egypt	Gouverneur de Port-Saïd	1875-06-24	Judge, Court of First Instance, Alexandria		promu	Conseiller à la Cour d'Appel Mixte	1881-10-26																								1885-12-15		
Osman Obey Bey		Egypt	Sous-Directeur de la Douane	1875-06-24	Judge, Court of First Instance, Alexandria		named	Prefet de police d'Alexandrie	1882-08-22																										
Ahmed Ebbed		Egypt	Chef du Bureau de traduction à l'Etat-Major Général au Ministere de la Guerre	1875-06-24	Judge, Court of First Instance, Alexandria																												1880-06-10		
Aly Ibrahim Bey	47	Egypt		1875-06-24	Judge, Court of First Instance, Alexandria		promu	Conseiller à la Cour d'Appel Mixte	1876-10-18	named	Ministre de l'Instruction Publique	1879-08-18																							
Hassan Fahmi El Masri		Egypt	Sous-Directeur de l'Administration de l'Octroi au Caire	1875-06-24	Judge, Court of First Instance, Ismaïlieh		transfer	Caire	1877-12-19	transféré	Mansourah	1878	rappelé	Caire	1879-10-29																		1880-10-02		
Abdel Samy Bey		Egypt	Attaché au Ministère de la Justice	1875-06-24	Judge, Court of First Instance, Cairo																												1884-05-27		
Ahmed Hamdi		Egypt	Membre du Conseil Consultatif au Ministère de l'Instruction Dublique	1875-06-24	Judge, Court of First Instance, Ismaïlieh		transfer	Caire	1877-12-19	transféré	Mansourah	1878-06-18	rappelé	Caire	1882-01-03	promu	Conseiller à la Cour d'Appel Mixte	1886-02-09																	
Abdel Kader Fahmy Bey	54	Egypt	Ingénieur en Chef des Fortifications à Damiette	1875-06-24	Judge, Court of First Instance, Ismaïlieh		transfer	Alexandrie	1877-12-19	transféré	Caire	1878-01-27	transféré	Mansourah	1879-10-15	rappelé	Alexandrie	1882-01-03	transféré à nouveau	Caire	1882-02-16	transféré à nouveau	Mansourah	1887-11-17	promu	Conseiller à la Cour d'Appel Mixte	1888-03-01	a obtenu le titre de	Président honoraire du Tribunal Mixte de Mansourah		admis à faire valoir ses droits à la retraite	1894-06-13	1898-08-28		Mirmiran (Pacha)
Said Saleh Bey		Egypt	Inspecteur au Ministère des Finances	1875-06-24	Judge, Court of First Instance, Cairo																												1881-11-08		
Hammad Bey	33	Egypt	Directeur de l'Arsenal d'Artillerie à Hod-El-Marsoud	1875-06-24	Judge, Court of First Instance, Cairo		promu	Conseiller à la Cour d'Appel Mixte	1879-10-29																						admis à faire valoir ses droits à la retraite	1901-02-01			
Dimitri Bissara		Egypt	Vice-Président du Tribunal Mixte de Commerce d'Alexan drie, Salissah	1875-12-30	Judge, Court of First Instance, Alexandria																										admis à faire valoir ses droits à la retraite	1901-12-31			Moutémaiz.
Saied Efnaoui	33	Egypt	Sous-Gouverneur de Damiette, Attaché au Ministère de la Justice	1875-12-30	Judge, Court of First Instance, Alexandria		promu	Conseiller à la Cour d'Appel Mixte	1885-12-26																						admis à faire valoir ses droits à la retraite	1888-02-01			
Abdallah Bahr		Egypt	Conseiller à la Cour d'Appel Indigène	1876-10-31	Judge, Court of First Instance, Alexandria																												1881-10-06		
Said Emara		Egypt	Sous-Directeur de l'Octroi au Caire	1879-10-30	Judge, Court of First Instance, Mansourah																												1881-11-06		
Mohamed El Goussi Bey		Egypt	Président du Tribunal Local de Béni-Souer	1879-12-03	Judge, Court of First Instance, Cairo																												1896-02-03		
Mohamed El Semsar		Egypt	Chef de Bureau de Traduction au Ministère de eur	1880-07-13	Judge, Court of First Instance, Alexandria		transfer	Caire	1881-06-21																								1884-01-01		
Mohamed Hussein		Egypt	Chef de Bureau de Traduction au Ministère de la Justice	1880-10-11	Judge, Court of First Instance, Cairo																												1881-05-15		
Ahmed Mazloum Bey		Egypt	Chef de Bureau de l'abolition de l'esclavage dans la Basse-Egypte	1881-10-12	Judge, Court of First Instance, Alexandria		transfer	Mansourah (provisoirement)	1887-11	rappelé	Alexandrie	1889-01-01	named	Gouverneur Général du Canal de Suez	1891-05-18																				
Ahmed Khairallah		Egypt	Chef du Bureau Européen de la Préfecture de Police d'Alexandrie	1881-10-12	Judge, Court of First Instance, Alexandria																												1890-01-26		
Moramed Osman Bey		Egypt	Attaché à la Maieh Sanieh	1881-10-26	Judge, Court of First Instance, Alexandria		transfer	Caire	1884-03-05																						admis à faire valoir ses droits à la retraite	1893-04-03			Moutémaiz.
Said Nasr Bey		Egypt	Professeur aux Ecoles Militaires	1881-11-17	Judge, Court of First Instance, Cairo		named	Président honoraire de la Cour d'Appel Mixte	1903-01-17																										(Pacha).
Ismail Serri	37	Egypt	Interprète à la Présidence du Conseil des Ministres	1881-11-17	Judge, Court of First Instance, Mansourah		attaché	Tribunal d'Alexandrie	1882-01-03	transféré	Caire	1886-11-30	promu	Conseiller à la Cour d'Appel Mixte	1899-01-05																		1914-04-01	Alexandrie.	
Saad Magdi		Egypt	Chef du Bureau de Traduction au Ministère des Travaux Publics	1882-02-16	Judge, Court of First Instance, Alexandria																										admis à faire valoir ses droits à la retraite	1898-06-01			Moutémaiz.
Soliman Nadjati Bey		Egypt	Directeur des Ecoles Militaires	1882-11-12	Judge, Court of First Instance, Alexandria		named	Vice-Président de la Cour d'Appel Indigène	1883-12-30																										
Mohamed Izzet Bey		Egypt	Sous-Gouverneur Général du Canal de Suez	1884-08-26	Judge, Court of First Instance, Cairo																										admis à faire valoir ses droits à la retraite	1904-04-30			
Osman Sabhi Bey		Egypt		1886-02-17	Judge, Court of First Instance, Cairo		transfer	Conseiller au Meglis El Ahkam	1886-07-14	named	Président honoraire de la Cour d'Appel Mixte	1889-12-28																			admis à faire valoir ses droits à la retraite	1902-09-30			(Pacha).
Moustapha Radouan Bey		Egypt	Président du Tribunal Indigène de Benha	1886-03-07	Judge, Court of First Instance, Alexandria																												1887-09-25		
Youssouf Tcherakian Bey	38	Egypt	Inspecteur aux Domaines de l'Etat	1886-12-12	Judge, Court of First Instance, Alexandria		promu (au nouveau siège créé à cette date)	Conseiller à la Cour d'Appel Mixte	1906-01-01																						atteint par la limite d'âge	1920-10-31	1920-11-10	Alexandrie	
Youssouf Aziz		Egypt	Substitut du Procureur Général près les Juridictions Mixtes	1887-11-01	Judge, Court of First Instance, Mansourah		transfer	Caire	1896-02-29																								1911-08-20	Alexandrie.	
Mohamed Sadek Bey		Egypt	Attaché à la Maieh Sanieh	1890-02-24	Judge, Court of First Instance, Alexandria		transfer	Caire	1895-01-21																						admis à faire valoir ses droits à la retraite	1909-11-21			
Mahmoud Salem Sidki		Egypt	Juge au Tribunal Indigène de première instance du Caire	1891-11-10	Judge, Court of First Instance, Mansourah		transfer	Alexandrie	1898-05-31																						admis à faire valoir ses droits à la retraite	1900-02-01			
Aly Mazloum Bey	63	Egypt	Chef du Bureau des Passeports à la Douane d'Alexandrie	1894-06-21	Judge, Court of First Instance, Alexandria		promu	Conseiller à la Cour d'Appel Mixte	1912-04-26																						atteint par la limite d'âge	1921-10-31	1923-03-27	Alexandrie	(Pacha).
Youssouf Saddik Bey		Egypt	Secrétaire particulier du Ministre des Affaires Etrangères	1896-02-29	Judge, Court of First Instance, Mansourah																										a cessé de remplir ses en le 31 Janvier 1899 (expiration de la période quinquennale).				
Ahmed Moussa Bey		Egypt	Juge au Tribunal Indigène de première instance du Caire	1898-04-28	Judge, Court of First Instance, Mansourah		transfer	Caire	1903-02-11	named	Conseiller à la Cour d'Appel Indigène	1905-01-12																							(Pacha).
Hussein Rouchdy Bey		Egypt	Inspecteur au Ministère de l'Instruction Fuonyes	1899-02-05	Judge, Court of First Instance, Cairo		named	Conseiller à la Cour d'Appel Indigène	1906-01-01																										(Pacha).
Mohamed El Naggari Bey		Egypt	Président du Tribunal Indigène de première instance de Zagazig	1900-03-26	Judge, Court of First Instance, Alexandria		transfer	Caire	1906-03-10																								1914-01-08		
Fouad Gress Bey	55	Egypt	Juge de 1re classe au Tribunal Indigène de première instance du Caire	1902-01-17	Judge, Court of First Instance, Mansourah		transfer	Caire	1904-05-23	promu	Conseiller à la Cour d'Appel Mixte	1913-02-26																			actuellement en fonctions				
Mahmoud Khairat Bey		Egypt	Juge de 1re classe au Tribunal Indigène de première instance du Caire	1903-02-11	Judge, Court of First Instance, Mansourah		transfer	Caire	1905-01-12																								1906-01-20		
Ahmed Raguib Badre Bey		Egypt	Juge de 1re classe au Tribunal Indigène de première instance d'Alexandrie	1904-01-09	Judge, Court of First Instance, Mansourah		transfer	Caire	1906-01-01	named	Conseiller à la Cour d'Appel Indigène	1913-01-16																							
Mohamed Moustapha Bey	250	Egypt	Président du Tribunal Indigène de Zagazig	1904-05-23	Judge, Court of First Instance, Mansourah		transfer	Alexandrie	1906-01-07		Directeur des Meglis El Hasbys au Ministère de la Justice		named	Judge, Court of First Instance, Mansourah	1914-04-27	transfer	Caire	1919-06-22	named	Président du Tribunal Indigène de première instance du Caire,	1920-06-08										admis à faire valoir ses droits à la retraite	1923-11-01			
Boutros Youssef Bey		Egypt	Vice-Président du Tribunal Indigène de première instance d'Alexandrie	1905-01-28	Judge, Court of First Instance, Mansourah																												1908-04-12	Mansourah.	
Abdel Messih Simaika Bey		Egypt	Vice-Président du Tribunal Indigène de premiere instance de Zagazig	1906-01-07	Judge, Court of First Instance, Mansourah		transfer	Alexandrie	1906-03-10																								1923-10-15	Ramleh.	
Youssouf Soliman Bey		Egypt	Chef du Parquet du Tribunal Indigène du Caire	1906-03-10	Judge, Court of First Instance, Mansourah		transfer	Caire	1909-11-22	named	Conseiller à la Cour d'Appel Indigène	1916-03-07																							
Moustapha Fathi Bey	41	Egypt	Juge au Tribunal Indigène du Caire	1907-03-08	Judge, Court of First Instance, Mansourah		transfer	Caire	1911-11-11	promu	Conseiller à la Cour d'Appel Mixte	1913-11-06	named	Conseiller à la Cour d'Appel Indigène	1914-04-27																				(Pacha).
Ahmed Chaker Bey	71	Egypt	Chef de Parquet aux Tribunaux Indigènes	1912-01-25	Judge, Court of First Instance, Mansourah		transfer	Caire	1913-02-26	promu	Conseiller à la Cour d'Appel Mixte	1921-11-30	named	Conseiller à la Cour d'Appel Indigène	1922-04-25																				
Ibrahim Waguih Bey	45	Egypt	Juge au Tribunal Indigène de Zagazig	1912-05-09	Judge, Court of First Instance, Mansourah		transfer	Caire	1913-11-06	promu	Conseiller à la Cour d'Appel Mixte	1919-06-19	named	Conseiller Royal au Ministère des Communications	1925-01-14																				(Pacha).
Aly Hussein Bey		Egypt	Chef de Parquet aux Tribunaux Indigènes	1913-02-26	Judge, Court of First Instance, Mansourah		transfer	Caire	1914-04-27	named	Président du Tribunal Indigène d'Alexandrie	1919-12-29																							
Aly Galal Bey		Egypt	Chef de Parquet aux Tribunaux Indigènes	1913-02-26	Judge, Court of First Instance, Mansourah		transfer	Caire	1914-01-23	named	Président du Tribunal Indigène de Tantah	1920-02-14																							
Wassif Simaika Bey		Egypt	Vice-Président du Tribunal Indigène de première instance de Tantah	1913-11-06	Judge, Court of First Instance, Mansourah		transfer	Alexandrie	1914-04-27	named	Conseiller à la Cour d'Appel Indigène	1921-02-21																							(Pacha).
Mohamed Izzet Bey		Egypt	Vice-Président du Tribunal Indigène d'Assiout	1914-01-23	Judge, Court of First Instance, Mansourah		transfer	Caire	1916-03-14																						actuellement en fonctions				
Zaki Berzi Bey		Egypt	Juge au Tribunal Indigène de première instance du Caire	1914-04-27	Judge, Court of First Instance, Mansourah		transfer	Caire	1919-06-22	named	Conseiller à la Cour d'Appel Indigène	1924-12-08																							(Pacha).
Gamil Sabet Bey		Egypt	Chef du Parquet Indigène d'Alexandrie	1916-03-07	Judge, Court of First Instance, Mansourah		transfer	Caire	1919-12-29																								1922-09-07	Genève.	
Mourad Wahba Bey		Egypt	Directeur délégué du Contentieux de l'Etat à Alexan drie	1919-06-22	Judge, Court of First Instance, Mansourah		transfer	Caire	1920-02-14	transféré	Alexandrie	1921-11-21	named	Conseiller à la Cour d'Appel Indigene	1923-04-16																				(Pacha).
Nakhla Gorgui El Moutei Bey		Egypt	Juge au Tribunal Indigène de Zagazig	1919-12-04	Judge, Court of First Instance, Mansourah		transfer	Caire	1920-12-15	named	Conseiller à la Cour d'Appel Indigène	1923-09-06																							(Pacha).
Mohamed Rachid Bey		Egypt	Vice-Président du Tribunal Indigène de Mansourah	1919-12-29	Judge, Court of First Instance, Mansourah		transfer	Caire	1922-03-09																								1924-07-10		
Abdel Hamid Moustapha Bey		Egypt	Vice-Président du Tribunal Indigène de première instance de Béni-Souef	1920-02-14	Judge, Court of First Instance, Mansourah		transfer	Alexandrie	1920-12-15	named	Président du Tribunal Indigène du Caire	1921-10-17																							
Mohamed Fahmy Hussein Bey		Egypt	Sous-Gouverneur du Canal de Suez	1920-12-15	Judge, Court of First Instance, Mansourah		transfer	Caire	1922-05-25	named	Conseiller Royal adjoint	1923-08-05																							(Pacha).
Antoine R. Keldany Bey		Egypt	Chef du Parquet Mixte de Mansourah	1920-12-16	Judge, Court of First Instance, Mansourah		transfer	Alexandrie	1921-03-14																						actuellement en fonctions				
Mohamed Mourad Sid Ahmed Bey		Egypt	Vice-Président du Tribunal Indigène de premiere instance de Zagazig	1921-02-21	Judge, Court of First Instance, Mansourah		transfer	Alexandrie	1922-03-06	named	Conseiller Royal adjoint au Ministered	1923-12-25																							(Pacha).
Hamed Kholucy Bey		Egypt	Chef de Parquet à la Cour d'Appel Indigène	1922-03-06	Judge, Court of First Instance, Mansourah		transfer	Caire	1923-11-08	named	premiere Secrétaire à la Légation Royale d'Egypte à Rome	1925-04-12																							
Sésostris Sidarous Bey		Egypt	Sous-Directeur de l'Ecole Royale de Droit au Caire	1922-10-29	Judge, Court of First Instance, Cairo		named	premier Secrétaire de la Légation Royale d'Egypte à Paris	1923-09-18																										
Mohamed Tewfick Zaher Bey		Egypt	Vice-Président du Tribunal Indigène de Mansourah	1923-04-16	Judge, Court of First Instance, Mansourah		transfer	Alexandrie	1923-12-25																						actuellement en fonctions				
Mohamed Allam Bey		Egypt	Directeur au Ministère de la Justice	1923-09-06	Judge, Court of First Instance, Mansourah		transfer	Caire	1924-12-11	named	Secrétaire Général de la Présidence du Conseil des Ministres	1925-05-07																							
Mohamed Naghib Choukry Bey		Egypt	Vice-Président du Tribunal Indigène d'Alexandrie	1923-11-08	Judge, Court of First Instance, Mansourah		transfer	Caire	1924-12-28																						actuellement en fonctions				
Azer Farag Bey		Egypt	Vice-Président du Tribunal Indigène d'Assiout	1923-11-08	Judge, Court of First Instance, Mansourah		transfer	Caire	1925-06-13																						actuellement en fonctions				
Mohamed Hamdi El Falaky Bey		Egypt	Président du Tribunal Indigène du Caire.	1923-11-08	Judge, Court of First Instance, Cairo																										démissionnaire, sans avoir pris possession de son poste.	1923-11-21			
Khalil Ghazalat Bey		Egypt	Chef de Parquet à la Cour d'Appel Indigène	1923-12-11	Judge, Court of First Instance, Alexandria																										actuellement en fonctions				
Mohamed Fouad Housny Bey		Egypt	Chef de Parquet à la Cour d'Appel Indigène	1925-05-19	Judge, Court of First Instance, Cairo																										actuellement en fonctions				
Iskandar Azer Bey		Egypt	Vice-Président du Tribunal Indigène de Mansourah	1925-05-19	Judge, Court of First Instance, Mansourah																										actuellement en fonctions				
François Christol de Bernardy de Sigoyer	16	France	Conseiller à la Cour d'Appel de Bordeaux	1888-02-15	Procureurs General		named	Conseiller à la Cour d'Appel Mixte	1889-02-02																						démissionnaire	1906-11-01			Ordre de l'Osmanieh de 2me classe.
Ernest Eeman	5	Belgium	Président du Tribunal Mixte d'Alexandrie	1910-02-01	Procureurs General		named	Conseiller à la Cour d'Appel Mixte	1912-01-31																						atteint par la limite d'âge	1924-10-31			Grand Cordon de l'Ordre du Nil.
Albert Eeman		Belgium	Juge au Tribunal Mixte du Caire	1912-01-31	Procureurs General																												1920-02-15	Caire.	
Tilo Charles Adolphe de Wilmowsky	49	Germany	Assesseur de Justice à Berlin	1875-06-24	Parquet Substituts etrangers		named	Juge au Tribunal Mixte d'Alexandrie	1877-01-14																						démissionnaire	1881-04-01			
Antoine de Korizmics	5, 87	Austria-Hungary	Conseiller au Ministère de la Justice de Hongrie		Parquet Substituts etrangers		named	Judge, Court of First Instance, Cairo	1876-11-25	démissionnaire	Conseiller de Section au Ministère de la Justice de Hongrie (Budapest)	1884-09-02	named	Conseiller, Cour d'appel	1886-05-01																démissionnaire	1912-10-15			
Gilbert Jean Alfred Vacher de Montguyon	278	France	Procureur de la République près la Cour d'Assises des Basses-Alpes et le Tribunal de Digne	1876-03-19	Parquet Substituts etrangers		named	Avocat Général, faisant fonctions de Procureur Général	1879-01-23																						démissionnaire	1888-01-31			Ordre du Medjidieh de 2me classe
Michaël Law	118	Great Britain	Avocat	1875-11-10	Parquet Substituts etrangers		named	Juge au Tribunal d'Ismailiah	1877-01-14	transfer	Caire	1877-12-19	transféré	Mansourah	1879-10-15	transféré à nouveau	Caire	1882-01-03	transféré à nouveau	Mansourah	1887-11-17	transféré une 3me fois	au Caire	1903-02-11							démissionnaire	1905-02-01			Ordre du Medjidieh de 2me classe
Pietro Bernardi	37, 179	Italy	attaché au Ministère de Grâce et Justice & Rome	1875-06-24	Parquet Substituts etrangers		named	Judge, Court of First Instance, Ismaïlieh	1876-11-25	transfer	Caire	1877-12-19	transféré	Alexandrie	1879-07-06	transféré	Caire	1880-03-21	named	Conseiller Khédivial -- Membre du Comité du Contentieux de l'Etat	1894-11-15	named	Conseiller, Cour d'appel	1912-01-25							atteint par la limite d'âge	1921-10-31			Grand Cordon de l'Ordre du Nil.
Nicolas d'Abaza	24	Russia	Conseiller à la Cour d'Appel de Tiflis,  attache au Ministère de la Justice à St. Pétersbourg	1875-07-16	Parquet Substituts etrangers		named	consente la Cour d'Appel Mixte	1876-03-30																						atteint par la limite d'âge	1920-10-31			Grand Officier de l'Ordre du Nil.
Fakby Bey		Egypt		1876-02-01	Substitut		named	Ministre de la Justice	1879-09-21																										
Hamid Bey		Egypt		1876-02-01	Substitut																												1879-03-08		
Michel Kahil Bey		Egypt		1876-03-01	Substitut																										appelé à d'autres fonctions	1876-06-13			
Emine Sid Ahmed Bey	47	Egypt		1876-03-01	Substitut du Procureur Général, Parquet		chargé de la direction	Parquet du Caire	1879-10-16	transfere	Cour Indigènes	1881-11-29		Vice-Président de la Cour d'Appel Indigène		named	Conseiller, Cour d'appel	1889-10-23	named	Sous-Secrétaire d'Etat au Ministère de la Justice	1893-03-02														Mirmiran (Pacha)
Ahmed Balig Bey		Egypt		1876-08-24	Substitut-adjoint		promu	titulaire	1878-12-26	chargé de la direction	Parquet de Mansourah	1879-10-10	chargé de la direction	Parquet du Caire	1881-12-21																appelé à d'autres fonctions	1884-01-19			
Joseph Aziz Bey		Egypt		1878-07-11	Substitut-adjoint		promu	titulaire	1885-10-13	named	Juge aux Tribunaux Mixtes	1887-11-01																							
Hussein Wassif Bey	220	Egypt		1878-07-11	Substitut du Procureur Général près les Juridictions Mixtes		named	Secrétaire General du Ministère de la Justice	1881-09-15	named	Judge, Court of First Instance, Alexandria	1886-02-20																			démissionnaire	1886-03-06			
Garabed Reizian Bey	59, 254	Egypt		1878-07-11	Substitut-adjoint		promu	Substitut du Procureur Général près les Juridictions Mixtes	1878-12-26	named	Judge, Court of First Instance, Alexandria	1884-06-01	promu	Conseiller, Cour d'appel	1894-06-21																		1903-11-19	Alexandrie.	
Mahmoud Khairat Bey		Egypt		1878-07-11	Substitut-adjoint																														
Fauzi Mohamed Bey		Egypt		1878-07-11	Substitut-adjoint																												1880-09-13		
Ismail Sabri Bey		Egypt		1878-07-11	Substitut-adjoint		promu	titulaire	1883-02-17	named	Vice-Président du Tribunal Indigène de Tantah	1884-01-01																							
Ibrahim Neguib Bey		Egypt		1878-09-08	Substitut-adjoint		promu	titulaire	1883-02-17	named	Conseiller à la Cour d'Appel Indigène	1886-03-03																							
Artin Reizian Bey	63, 253	Egypt		1878-09-08	Substitut-adjoint		promu	Substitut du Procureur Général près les Juridictions Mixtes	1883-02-17	named	Judge, Court of First Instance, Alexandria	1884-01-29	promu	Conseiller à la Cour d'Appel Mixte	1903-12-13																		1911-11-28	Alexandrie	
Ahmed Afifi Bey		Egypt		1878-09-08	Substitut-adjoint		promu	titulaire	1885-10-13																						appelé à d'autres fonctions	1889-09-30			
Mohamed Rassime Bey	227	Egypt		1878-10-30	Substitut		named	Juge au Tribunal Mixte du Caire	1893-04-04																						admis à faire valoir ses droits à la retraite	1911-12-19			
Emine Fakry Bey		Egypt		1878-10-30	Substitut-adjoint																														
Aly Fayek Bey		Egypt		1878-10-30	Substitut-adjoint																										appelé à d'autres fonctions	1884-01-19			
Ibrahim Fouad Bey		Egypt		1879-06-10	Substitut		named	Président du Tribunal Indigène de Ghizeh	1881-10-01																										
Hamid Mahmoud Bey		Egypt		1879-09-01	Substitut-adjoint																										appelé à d'autres fonctions	1884-01-19			
Ismail Maher Bey	224	Egypt		1879-10-05	Substitut-adjoint		promu	titulaire	1882-08-14	transfer	Tribunaux Indigènes		named	Judge, Court of First Instance, Mansourah	1888-03-01	transfer	Alexandrie	1891-06-24															1910-08-10		
Messiha Labib Bey		Egypt		1879-10-15	Substitut-adjoint																														
Aty Zulficar Bey		Egypt		1880-09-26	Substitut-adjoint		promu	titulaire	1885-10-13	named	Juge aux Tribunaux Indigènes	1887-04-27																							
Abdel Meghid Farid Bey	271	Egypt		1880-09-26	Substitut-adjoint		named	Chef du Parquet de Mansourah	1888-12-20	nommé?	Juge au Tribunal Indigène de première instance d'Alexandrie		nomme	Judge, Court of First Instance, Mansourah	1910-11-22	transfer	Alexandrie	1912-05-09															1920-06-20		
Abdel Aziz Kahil Bey		Egypt		1881-10-03	Substitut-adjoint																										appelé à d'autres fonctions	1884-01-19			
Mohamed Magdi Bey		Egypt		1881-12-13	Substitut-adjoint																										appelé à d'autres fonctions	1884-01-19			
Mahmoud Sidky Salem Bey		Egypt		1883-02-11	Substitut-adjoint		named	Substitut chargé de la direction du Parquet de Mansourah	1889-03-09	nommé?	Juge au Tribunal Indigène du Caire	1889-08-25																							
Emine Hamdoullah Pacha	51	Egypt		1883-04-01	Substitut-adjoint		transfer	Tribunaux Indigènes			Procureur Général près les Tribunaux Indigenes		named	Conseiller, Cour d'appel	1901-02-12																démissionnaire, par suite de son élection au Sénat Ottoman.	1914-04-16			
Kassem Amine Bey		Egypt		1885-09-01	Substitut-adjoint		délégué	Contentieux de l'Etat	1887-09-22																										
Ahmed Raguib Badre Bey		Egypt		1885-10-20	Substitut-adjoint																										appelé à d'autres fonctions	1887-09-22			
Hussein Riaz Bey		Egypt		1887-03-05	Substitut-adjoint		promu	titulaire	1890-01-18																						démissionnaire	1906-11-10			
Ismail Chimy Bey	229	Egypt		1887-11-28	Substitut-adjoint		promu	titulaire	1891-03-03	named	Juge au Tribunal Mixte de Mansourah	1895-01-11																			a cessé de remplir ses en le 31 Janvier 1899 (expiration de la période quinquennale).				
Soubhi Ghali Bey	72, 270	Egypt		1887-11-28	Substitut-adjoint		promu	Substitut du Procureur Général près les Juridictions Mixtes	1891-03-17	named	Judge, Court of First Instance, Mansourah	1899-02-05	transfer	Alexandrie	1904-01-09	promu	Conseiller à la Cour d'Appel Mixte	1914-04-27													actuellement en fonctions				
Ragheb Ghali Bey	233	Egypt		1888-12-03	Substitut-adjoint		promu	titulaire	1891-03-03	named	Juge au Tribunal de Mansourah	1899-02-05	transfer	Alexandrie	1902-01-17																actuellement en fonctions				
Emine Ghali Bey		Egypt		1889-01-09	Substitut		named	Chef du Parquet du Caire	1893-04-12																						démissionnaire	1914-01-19			
Sabet Aziz Bey		Egypt		1889-12-17	Substitut-adjoint		promu	titulaire	1894-07-08																						démissionnaire	1901-12-05			
Moustapha Beyram Bey	74, 282	Egypt		1899-06-14	Substitut-adjoint		promu	titulaire	1901-11-25	named	Directeur du Service des Mehkémés au Ministere de la Justice	1906-11-08	named	Judge, Court of First Instance, Mansourah	1908-04-18	transfer	Caire	1912-01-25	promu	Conseiller à la Cour d'Appel Mixte	1919-06-19										actuellement en fonctions				
Abderrehim Ahmed Bey		Egypt		1891-11-21	Substitut-adjoint		named	Secrétaire au Bureau des Cérémonies	1892-01-23																										
Ahmed Zulficar Bey	266	Egypt		1892-01-21	Substitut-adjoint		promu	titulaire	1893-06-08	appelé à d'autres fonctions	Président du Tribunal Indigène de première instance de Zagazig	1894-06-28	named	Judge, Court of First Instance, Mansourah	1906-01-01	named	Conseiller à la Cour d'Appel Indigène	1907-02-25																	(Pacha).
Boghos Agopian Bey	259	Egypt		1892-02-07	Substitut-adjoint		named	Juge au Tribunal Indigène de Tantah	1904-06-04		Vice-Président du Tribunal Indigène du Caire		named	Judge, Court of First Instance, Mansourah	1909-11-22	transfer	Alexandrie	1910-11-22													démissionnaire	1919-10-31			
Ibrahim Fauzi Bey		Egypt		1892-04-21	Substitut-adjoint		transfer	Tribunaux Indigènes	1896-07-19																										
Aly Sadik Bey		Egypt		1893-10-10	Substitut-adjoint		promu	titulaire	1899-03-18																						démissionnaire	1900-03-26			
Neguib Ghali Bey		Egypt		1894-07-09	Substitut-adjoint		promu	titulaire	1899-03-18																						appelé à d'autres fonctions	1901-03-03			
Hassan Mourad Bey		Egypt		1894-09-01	en qualité d'attaché au Parquet		transfer	Parquet Indigène	1895-05-13																										
Antoine Comanos Bey		Egypt		1895-01-26	Substitut-adjoint		promu	titulaire	1900-03-26	named	Chef du Parquet d'Alexandrie	1907-02-02	chargé de la direction	Parquet de Mansourah	1905-01-09	promu	Chef du Parquet à la Cour d'Appel Mixte	1925-03-01													actuellement en fonctions				
Moustapha Maher Bey		Egypt		1896-07-21	Substitut-adjoint		promu	titulaire	1901-03-23																						démissionnaire	1907-02-22			
Zaki Ghali Bey	260	Egypt		1899-12-07	Substitut-adjoint		promu	titulaire	1904-12-29	named	Chef du Parquet Mixte de Mansourah	1911-11-21	nommé?	Chef du Parquet Mixte du Caire	1914-01-19	named	Juge au Tribunal Mixte de Mansourah	1922-03-09	transfer	Caire	1923-11-08										actuellement en fonctions				
Mahmoud Rouchdi Bey		Egypt		1900-04-04	Substitut-adjoint		promu	titulaire	1907-01-22																						démissionnaire	1914-01-19			
Abdel Latif Khorchid Bey	281	Egypt		1901-03-08	Substitut-adjoint		promu	titulaire	1907-03-22	named	Chef du Parquet de Mansourah	1914-01-19	nommé?	Juge au Tribunal Mixte de Mansourah	1919-06-22	transfer	Alexandrie	1919-12-04	transféré	Caire	1921-11-21										actuellement en fonctions				
Hussein Kamel Sourour Bey		Egypt		1901-12-01	Substitut-adjoint		named	Juge au Tribunal Indigène	1910-02-16																										
Mahmoud El Toayar Bey	78, 285	Egypt		1907-01-22	Chef du Parquet de Mansourah		named	Judge, Court of First Instance, Mansourah	1911-11-11	transfer	Caire	1913-02-26	promu	Conseiller, Cour d'appel	1922-05-25																actuellement en fonctions				
A. R. Keldany Bey		Egypt		1907-02-02	Substitut-adjoint		promu	titulaire	1911-01-01	named	Chef du Parquet de Mansourah	1919-07-01	nommé?	Juge au Tribunal Mixte de Mansourah	1920-12-16																				
Hussein Hassan Bey		Egypt		1907-03-31	Substitut titulaire																												1912-04-03		
Moustapha Naguib Bey	265	Egypt		1910-01-01	Substitut-adjoint		promu	titulaire	1911-11-23	named	Chef du Parquet Mixte de Mansourah	1922-06-01	nommé?	Juge au Tribunal Mixte de Mansourah	1923-09-06	transfer	Caire	1923-12-25													actuellement en fonctions				
Youssouf Zulficar Bey	261	Egypt		1910-03-15	Substitut-adjoint		promu	titulaire	1912-05-15	named	Chef du Parquet Mixte de Mansourah	1922-03-09	named	Juge au Tribunal Mixte de Mansourah	1922-05-25	transfer	Alexandrie	1923-05-07													actuellement en fonctions				
Mahmoud Fakhry Bey		Egypt		1911-11-25	Substitut-adjoint		transfer	Ministère de l'intérieur	1913-04-01																										
Mohamed Aly Zaki Bey	270	Egypt		1912-05-16	Substitut-adjoint		promu	titulaire	1914-01-19	named	Chef du Parquet	1923-06-12	named	Juge au Tribunal Mixte d'Alexandrie	1924-02-26																actuellement en fonctions				
Hussein Sedky Bey		Egypt		1913-04-01	Substitut-adjoint																												1915-07-19		
Abdel Azim Rached Bey		Egypt		1914-01-19	Substitut titulaire		named	Chef du Parquet Mixte de Mansourah	1921-02-16	nommé?	Chef du Parquet Mixte du Caire	1922-03-09	named	Inspecteur des Tribunaux Indigènes	1923-06-12																				
Ahmed Mazloum Bey	315	Egypt		1914-01-19	Substitut-adjoint		promu	titulaire	1919-07-01	named	Chef du Parquet Mixte de Mansourah	1923-11-12	nommé	Judge, Court of First Instance, Mansourah	1924-10-02																actuellement en fonctions				
Hassan Kamel Bey	275	Egypt		1915-11-30	Substitut-adjoint		promu	titulaire	1921-01-27	named	Chef du Parquet Mixte de Mansourah	1924-10-16	named	Juge au Tribunal Mixte de Mansourah	1924-12-15																actuellement en fonctions				
Mahmoud Hassan Bey		Egypt		1919-07-01	Substitut-adjoint		promu	titulaire	1922-03-09	named	Chef du Parquet Mixte de Mansourah	1924-12-22	nommé?	Secrétaire d'Ambassade	1925-02-22																				
Mahmoud Said Bey		Egypt		1921-03-02	Substitut-adjoint		promu	titulaire	1922-03-01	named	Chef du Parquet Mixte de Mansourah	1925-02-22																			actuellement en fonctions				
Ahmed Abdel Khaled Saroit Bey		Egypt		1922-03-09	Substitut-adjoint		promu	titulaire	1924-11-10																						actuellement en fonctions				
Osman Sabri Bey		Egypt		1922-07-19	Substitut-adjoint		promu	titulaire	1924-12-28																						actuellement en fonctions				
Ibrahim Yehia Bey		Egypt		1923-06-19	Substitut titulaire																										actuellement en fonctions				
Mohamed Shoukri Bey		Egypt		1923-09-06	Chef du Parquet Mixte du Caire		named	Inspecteur en Chef des Tribunaux Indigènes	1923-10-01																										
Mostafa Mohktar Bey		Egypt		1923-11-22	Substitut titulaire																										actuellement en fonctions				
Mahmoud Sadek Bey		Egypt		1924-02-26	Chef du Parquet Mixte du Caire		named	Directeur de l'Administration Européenne au Haut Cabinet de S.M. le Roi	1925-05-19																										
Ahmed Shoukri Bideir Bey		Egypt		1924-11-13	Substitut-adjoint		promu	titulaire	1925-03-26																								1926-01-16		
Mohamed Fahmy Issaoui Bey		Egypt		1925-01-21	Substitut titulaire																										actuellement en fonctions				
Ahmed Fayek Bey		Egypt		1925-03-01	Chef du Parquet Mixte d'Alexandrie																										actuellement en fonctions				
Ismail Gazzarine Bey		Egypt		1925-04-01	Substitut-adjoint																										actuellement en fonctions				
Mohamed Onsi Bey		Egypt		1925-05-30	Chef du Parquet Mixte du Caire																										actuellement en fonctions				
